skill_name	repo_spec	relative_path	discovered_from
analyze-codebase-for-mcp	pjt222/agent-almanac	i18n/caveman/skills/analyze-codebase-for-mcp	https://awesomeclaude.ai/awesome-claude-skills
api-analyzer	LambdaTest/agent-skills	api-skill/api-analyzer	https://github.com/VoltAgent/awesome-agent-skills
api-design-principles	sickn33/antigravity-awesome-skills	plugins/antigravity-awesome-skills/skills/api-design-principles	https://github.com/sickn33/antigravity-awesome-skills
api-documentation-generator	sickn33/antigravity-awesome-skills	plugins/antigravity-awesome-skills/skills/api-documentation-generator	https://github.com/sickn33/antigravity-awesome-skills
api-security-best-practices	sickn33/antigravity-awesome-skills	plugins/antigravity-awesome-skills/skills/api-security-best-practices	https://github.com/sickn33/antigravity-awesome-skills
architecture-decision-records	sickn33/antigravity-awesome-skills	plugins/antigravity-awesome-skills/skills/architecture-decision-records	https://github.com/sickn33/antigravity-awesome-skills
architecture-patterns	sickn33/antigravity-awesome-skills	plugins/antigravity-awesome-skills/skills/architecture-patterns	https://github.com/sickn33/antigravity-awesome-skills
backend-api-design	spartan-stratos/spartan-ai-toolkit	.codex/skills/backend-api-design	https://awesomeclaude.ai/awesome-claude-skills
backend-dev-guidelines	sickn33/antigravity-awesome-skills	plugins/antigravity-awesome-skills/skills/backend-dev-guidelines	https://github.com/sickn33/antigravity-awesome-skills
backend-security-coder	sickn33/antigravity-awesome-skills	plugins/antigravity-awesome-skills/skills/backend-security-coder	https://github.com/sickn33/antigravity-awesome-skills
browser-screenshot-diff	ruvnet/ruflo	plugins/ruflo-browser/skills/browser-screenshot-diff	https://github.com/ruvnet/ruflo
browser-testing-with-devtools	addyosmani/agent-skills	skills/browser-testing-with-devtools	https://github.com/addyosmani/agent-skills
bug-hunter	sickn33/antigravity-awesome-skills	plugins/antigravity-awesome-skills/skills/bug-hunter	https://github.com/sickn33/antigravity-awesome-skills
build-custom-mcp-server	pjt222/agent-almanac	i18n/caveman/skills/build-custom-mcp-server	https://awesomeclaude.ai/awesome-claude-skills
ci-cd-patterns	spartan-stratos/spartan-ai-toolkit	toolkit/skills/ci-cd-patterns	https://awesomeclaude.ai/awesome-claude-skills
clean-code	sickn33/antigravity-awesome-skills	plugins/antigravity-awesome-skills/skills/clean-code	https://github.com/sickn33/antigravity-awesome-skills
cloudflare-deploy	davila7/claude-code-templates	cli-tool/components/skills/development/cloudflare-deploy	https://www.aitmpl.com/
code-deduplication	alinaqi/claude-bootstrap	skills/code-deduplication	https://github.com/VoltAgent/awesome-agent-skills
code-documentation-code-explain	sickn33/antigravity-awesome-skills	plugins/antigravity-awesome-skills/skills/code-documentation-code-explain	https://github.com/sickn33/antigravity-awesome-skills
code-review	coderabbitai/skills	skills/code-review	https://github.com/VoltAgent/awesome-agent-skills
codebase-cleanup-tech-debt	sickn33/antigravity-awesome-skills	plugins/antigravity-awesome-skills/skills/codebase-cleanup-tech-debt	https://github.com/sickn33/antigravity-awesome-skills
codebase-onboarding	affaan-m/everything-claude-code	docs/ja-JP/skills/codebase-onboarding	https://github.com/affaan-m/everything-claude-code
codeql	trailofbits/skills	plugins/static-analysis/skills/codeql	https://awesomeclaude.ai/awesome-claude-skills
commit	FlorianBruniaux/claude-code-ultimate-guide	examples/skills/commit	https://github.com/FlorianBruniaux/claude-code-ultimate-guide
commit-hygiene	alinaqi/claude-bootstrap	skills/commit-hygiene	https://github.com/VoltAgent/awesome-agent-skills
context7-auto-research	sickn33/antigravity-awesome-skills	plugins/antigravity-awesome-skills/skills/context7-auto-research	https://github.com/sickn33/antigravity-awesome-skills
create-dockerfile	pjt222/agent-almanac	i18n/caveman/skills/create-dockerfile	https://awesomeclaude.ai/awesome-claude-skills
database-design	sickn33/antigravity-awesome-skills	plugins/antigravity-awesome-skills/skills/database-design	https://github.com/sickn33/antigravity-awesome-skills
debugging-toolkit-smart-debug	sickn33/antigravity-awesome-skills	plugins/antigravity-awesome-skills/skills/debugging-toolkit-smart-debug	https://github.com/sickn33/antigravity-awesome-skills
dependency-check	ruvnet/ruflo	plugins/ruflo-security-audit/skills/dependency-check	https://github.com/ruvnet/ruflo
deployment-patterns	affaan-m/everything-claude-code	.kiro/skills/deployment-patterns	https://github.com/affaan-m/everything-claude-code
design-to-code	davila7/claude-code-templates	cli-tool/components/skills/design-to-code	https://www.aitmpl.com/
django-patterns	affaan-m/everything-claude-code	.kiro/skills/django-patterns	https://github.com/affaan-m/everything-claude-code
docker-patterns	affaan-m/everything-claude-code	.kiro/skills/docker-patterns	https://github.com/affaan-m/everything-claude-code
documentation	sickn33/antigravity-awesome-skills	plugins/antigravity-awesome-skills/skills/documentation	https://github.com/sickn33/antigravity-awesome-skills
e2e-testing-patterns	sickn33/antigravity-awesome-skills	plugins/antigravity-awesome-skills/skills/e2e-testing-patterns	https://github.com/sickn33/antigravity-awesome-skills
fastapi-pro	sickn33/antigravity-awesome-skills	plugins/antigravity-awesome-skills/skills/fastapi-pro	https://github.com/sickn33/antigravity-awesome-skills
frontend-a11y	affaan-m/everything-claude-code	skills/frontend-a11y	https://github.com/affaan-m/everything-claude-code
frontend-design-direction	affaan-m/everything-claude-code	docs/ja-JP/skills/frontend-design-direction	https://github.com/affaan-m/everything-claude-code
frontend-dev-guidelines	sickn33/antigravity-awesome-skills	plugins/antigravity-awesome-skills/skills/frontend-dev-guidelines	https://github.com/sickn33/antigravity-awesome-skills
frontend-developer	sickn33/antigravity-awesome-skills	plugins/antigravity-awesome-skills/skills/frontend-developer	https://github.com/sickn33/antigravity-awesome-skills
frontend-security-coder	sickn33/antigravity-awesome-skills	plugins/antigravity-awesome-skills/skills/frontend-security-coder	https://github.com/sickn33/antigravity-awesome-skills
git-pr-review	sickn33/antigravity-awesome-skills	plugins/antigravity-awesome-skills/skills/git-pr-review	https://github.com/sickn33/antigravity-awesome-skills
git-pr-workflows-onboard	sickn33/antigravity-awesome-skills	plugins/antigravity-awesome-skills/skills/git-pr-workflows-onboard	https://github.com/sickn33/antigravity-awesome-skills
git-worktree	FlorianBruniaux/claude-code-ultimate-guide	examples/skills/git-worktree	https://github.com/FlorianBruniaux/claude-code-ultimate-guide
github-actions-advanced	sickn33/antigravity-awesome-skills	plugins/antigravity-awesome-skills/skills/github-actions-advanced	https://github.com/sickn33/antigravity-awesome-skills
github-actions-creator	davila7/claude-code-templates	cli-tool/components/skills/development/github-actions-creator	https://www.aitmpl.com/
github-pr-review	fvadicamo/dev-agent-skills	plugins/github-workflow/skills/github-pr-review	https://github.com/VoltAgent/awesome-agent-skills
golang-patterns	affaan-m/everything-claude-code	.kiro/skills/golang-patterns	https://github.com/affaan-m/everything-claude-code
implementing-secret-scanning-with-gitleaks	mukul975/Anthropic-Cybersecurity-Skills	skills/implementing-secret-scanning-with-gitleaks	https://github.com/VoltAgent/awesome-agent-skills
javascript-mastery	sickn33/antigravity-awesome-skills	plugins/antigravity-awesome-skills/skills/javascript-mastery	https://github.com/sickn33/antigravity-awesome-skills
javascript-testing-patterns	sickn33/antigravity-awesome-skills	plugins/antigravity-awesome-skills/skills/javascript-testing-patterns	https://github.com/sickn33/antigravity-awesome-skills
kubernetes-architect	sickn33/antigravity-awesome-skills	plugins/antigravity-awesome-skills/skills/kubernetes-architect	https://github.com/sickn33/antigravity-awesome-skills
kubernetes-patterns	affaan-m/everything-claude-code	skills/kubernetes-patterns	https://github.com/affaan-m/everything-claude-code
learn-codebase	thedotmack/claude-mem	plugin/skills/learn-codebase	https://github.com/thedotmack/claude-mem
mcp-integration	ericvtheg/solo-founder-toolkit	.claude/skills/mcp-integration	https://github.com/ericvtheg/solo-founder-toolkit
mcp-server-patterns	affaan-m/everything-claude-code	.agents/skills/mcp-server-patterns	https://github.com/affaan-m/everything-claude-code
modern-javascript-patterns	sickn33/antigravity-awesome-skills	plugins/antigravity-awesome-skills/skills/modern-javascript-patterns	https://github.com/sickn33/antigravity-awesome-skills
mutation-testing	trailofbits/skills	plugins/mutation-testing/skills/mutation-testing	https://awesomeclaude.ai/awesome-claude-skills
nextjs-app-router-patterns	sickn33/antigravity-awesome-skills	plugins/antigravity-awesome-skills/skills/nextjs-app-router-patterns	https://github.com/sickn33/antigravity-awesome-skills
nextjs-best-practices	sickn33/antigravity-awesome-skills	plugins/antigravity-awesome-skills/skills/nextjs-best-practices	https://github.com/sickn33/antigravity-awesome-skills
nodejs-backend-patterns	sickn33/antigravity-awesome-skills	plugins/antigravity-awesome-skills/skills/nodejs-backend-patterns	https://github.com/sickn33/antigravity-awesome-skills
openai-docs	foryourhealth111-pixel/Vibe-Skills	bundled/skills/openai-docs	https://github.com/VoltAgent/awesome-agent-skills
performance-optimizer	sickn33/antigravity-awesome-skills	plugins/antigravity-awesome-skills/skills/performance-optimizer	https://github.com/sickn33/antigravity-awesome-skills
playwright	foryourhealth111-pixel/Vibe-Skills	bundled/skills/playwright	https://github.com/VoltAgent/awesome-agent-skills
playwright-cli	VoltAgent/voltagent	examples/with-workspace/workspace/skills/playwright-cli	https://github.com/VoltAgent/awesome-agent-skills
postgresql	sickn33/antigravity-awesome-skills	plugins/antigravity-awesome-skills/skills/postgresql	https://github.com/sickn33/antigravity-awesome-skills
property-based-testing	foryourhealth111-pixel/Vibe-Skills	bundled/skills/property-based-testing	https://github.com/VoltAgent/awesome-agent-skills
python-best-practices	spartan-stratos/spartan-ai-toolkit	toolkit/skills/python-best-practices	https://awesomeclaude.ai/awesome-claude-skills
python-packaging	sickn33/antigravity-awesome-skills	plugins/antigravity-awesome-skills/skills/python-packaging	https://github.com/sickn33/antigravity-awesome-skills
python-testing	affaan-m/everything-claude-code	.kiro/skills/python-testing	https://github.com/affaan-m/everything-claude-code
python-testing-patterns	sickn33/antigravity-awesome-skills	plugins/antigravity-awesome-skills/skills/python-testing-patterns	https://github.com/sickn33/antigravity-awesome-skills
react-best-practices	sickn33/antigravity-awesome-skills	plugins/antigravity-awesome-skills/skills/react-best-practices	https://github.com/sickn33/antigravity-awesome-skills
react-doctor	millionco/react-doctor	.agents/skills/react-doctor	https://github.com/millionco/react-doctor
react-patterns	sickn33/antigravity-awesome-skills	plugins/antigravity-awesome-skills/skills/react-patterns	https://github.com/sickn33/antigravity-awesome-skills
react-testing	affaan-m/everything-claude-code	.kiro/skills/react-testing	https://github.com/affaan-m/everything-claude-code
refactoring-patterns	wondelai/skills	refactoring-patterns	https://awesomeclaude.ai/awesome-claude-skills
rust-pro	sickn33/antigravity-awesome-skills	plugins/antigravity-awesome-skills/skills/rust-pro	https://github.com/sickn33/antigravity-awesome-skills
rust-testing	affaan-m/everything-claude-code	.kiro/skills/rust-testing	https://github.com/affaan-m/everything-claude-code
secrets-management	sickn33/antigravity-awesome-skills	plugins/antigravity-awesome-skills/skills/secrets-management	https://github.com/sickn33/antigravity-awesome-skills
security-auditor	sickn33/antigravity-awesome-skills	plugins/antigravity-awesome-skills/skills/security-auditor	https://github.com/sickn33/antigravity-awesome-skills
security-review	affaan-m/everything-claude-code	.agents/skills/security-review	https://github.com/affaan-m/everything-claude-code
setup-github-actions-ci	pjt222/agent-almanac	i18n/caveman/skills/setup-github-actions-ci	https://awesomeclaude.ai/awesome-claude-skills
setup-pre-commit	mattpocock/skills	skills/misc/setup-pre-commit	https://github.com/mattpocock/skills
software-architecture	sickn33/antigravity-awesome-skills	plugins/antigravity-awesome-skills/skills/software-architecture	https://github.com/sickn33/antigravity-awesome-skills
springboot-patterns	affaan-m/everything-claude-code	.kiro/skills/springboot-patterns	https://github.com/affaan-m/everything-claude-code
sql-optimization-patterns	sickn33/antigravity-awesome-skills	plugins/antigravity-awesome-skills/skills/sql-optimization-patterns	https://github.com/sickn33/antigravity-awesome-skills
systematic-debugging	obra/superpowers	skills/systematic-debugging	https://github.com/obra/superpowers
tailwind-patterns	sickn33/antigravity-awesome-skills	plugins/antigravity-awesome-skills/skills/tailwind-patterns	https://github.com/sickn33/antigravity-awesome-skills
terraform-best-practices	spartan-stratos/spartan-ai-toolkit	.codex/skills/terraform-best-practices	https://awesomeclaude.ai/awesome-claude-skills
terraform-specialist	sickn33/antigravity-awesome-skills	plugins/antigravity-awesome-skills/skills/terraform-specialist	https://github.com/sickn33/antigravity-awesome-skills
test-driven-development	obra/superpowers	skills/test-driven-development	https://github.com/obra/superpowers
testing-patterns	sickn33/antigravity-awesome-skills	plugins/antigravity-awesome-skills/skills/testing-patterns	https://github.com/sickn33/antigravity-awesome-skills
typescript-advanced-types	sickn33/antigravity-awesome-skills	plugins/antigravity-awesome-skills/skills/typescript-advanced-types	https://github.com/sickn33/antigravity-awesome-skills
typescript-expert	sickn33/antigravity-awesome-skills	plugins/antigravity-awesome-skills/skills/typescript-expert	https://github.com/sickn33/antigravity-awesome-skills
ui-review	sickn33/antigravity-awesome-skills	plugins/antigravity-awesome-skills/skills/ui-review	https://github.com/sickn33/antigravity-awesome-skills
unit-testing-test-generate	sickn33/antigravity-awesome-skills	plugins/antigravity-awesome-skills/skills/unit-testing-test-generate	https://github.com/sickn33/antigravity-awesome-skills
using-git-worktrees	obra/superpowers	skills/using-git-worktrees	https://github.com/obra/superpowers
vercel-deployment	sickn33/antigravity-awesome-skills	plugins/antigravity-awesome-skills/skills/vercel-deployment	https://github.com/sickn33/antigravity-awesome-skills
web-performance-optimization	sickn33/antigravity-awesome-skills	plugins/antigravity-awesome-skills/skills/web-performance-optimization	https://github.com/sickn33/antigravity-awesome-skills
